id,skill_id,category,prompt,option_a,option_b,option_c,option_d,correct_key,explanation,difficulty,version
q01,1,logic,"A function should return the first repeated item. What is the safest first step?","Loop once and track seen values","Sort without considering original order","Return the last item","Ignore duplicate values",a,"Define the required behaviour and track what has already appeared.",easy,v1
q02,1,logic,"What makes a solution easier to debug?","Hidden global state","Small steps with clear names","No error handling","One very long function",b,"Clear small steps make assumptions and failures visible.",easy,v1
q03,2,technical,"Which structure is best for checking whether an item was seen?","Set","Queue","Stack only","Linked list only",a,"A set is designed for membership checks.",easy,v1
q04,2,technical,"A queue normally removes an item from which end?","The newest item only","The front","A random index","Both ends at once",b,"A queue follows first-in-first-out order.",easy,v1
q05,3,technical,"Which practice improves code readability?","Meaningful names","Nested code everywhere","Duplicated constants","Ignoring formatting",a,"Names communicate intent to the next reader.",easy,v1
q06,4,data,"What does an SQL JOIN do?","Combines related rows from tables","Deletes all tables","Encrypts a database","Starts a web server",a,"A join combines rows using a relationship or condition.",easy,v1
q07,4,data,"Why is a WHERE clause useful?","It filters rows","It renames the database","It creates a password","It deploys a query",a,"WHERE limits rows before the result is returned.",easy,v1
q08,5,backend,"What is a good response to an invalid request?","Return a clear error status and message","Pretend it succeeded","Expose a database password","Delete the account",a,"Clients need a safe, actionable error response.",easy,v1
q09,5,backend,"What is an API endpoint?","A defined interface for a request and response","A font file","A database backup only","A user password",a,"An endpoint describes how a client interacts with a service.",easy,v1
q10,6,frontend,"What helps a form work for keyboard users?","Visible labels and focus states","Placeholder-only labels","Hover-only controls","Tiny tap targets",a,"Labels and visible focus help keyboard and assistive-technology users.",easy,v1
q11,7,quality,"What does a unit test normally check?","A small unit of behaviour","The weather","A company salary","A logo colour only",a,"Unit tests isolate a small behaviour with controlled inputs.",easy,v1
q12,8,workflow,"What is a useful Git commit?","A small change with a clear message","A commit containing secrets","One commit for a whole year","An empty message always",a,"Small clear commits are easier to review and revert.",easy,v1
q13,9,professional,"If you do not understand an interview question, what is best?","Ask a clarifying question","Guess silently","End the interview","Blame the interviewer",a,"Clarification reduces wrong assumptions and shows structured thinking.",easy,v1
q14,9,professional,"A good project explanation should include what?","Context, contribution and result or limitation","Only the project title","Only the framework name","A claim with no evidence",a,"A complete story explains what happened and what you actually did.",easy,v1
q15,10,analytics,"What is a useful first step before analysing a dataset?","Check its columns, missing values and meaning","Delete unusual rows immediately","Choose a chart randomly","Assume all values are correct",a,"Understanding data quality prevents misleading conclusions.",easy,v1
q16,10,analytics,"What makes a chart useful?","It answers a clear question","It uses every colour","It hides labels","It has no title",a,"A chart should communicate a decision-relevant pattern.",easy,v1
q17,11,platform,"What should be kept out of a public frontend bundle?","Private API keys","Button labels","Public role names","CSS variables",a,"Private keys belong in a server-side secret store.",easy,v1
q18,12,proof,"If you do not know a project's user count, what should a resume say?","Describe the feature without inventing a number","Invent a round number","Copy a competitor's number","Delete the whole project",a,"Truthful qualitative evidence is better than a fabricated metric.",easy,v1
