id,role_id,week_number,title,description,deliverable,estimated_hours,prerequisite_id,resource_url,status
rb01,1,1,"Programming and HTTP foundations","Review functions, data flow, HTTP requests, status codes and JSON.","Write a one-page request/response note and solve five small logic tasks.",5,,"https://developer.mozilla.org/en-US/docs/Web/HTTP/Overview",todo
rb02,1,2,"SQL and API basics","Design a small relational schema and implement CRUD endpoint concepts.","Document tables and six example API requests with error cases.",6,rb01,"https://www.postgresql.org/docs/current/tutorial.html",todo
rb03,1,3,"Testing and project evidence","Add validation, tests and a clear README to a small backend project.","Publish a README with setup, test output and limitations; do not invent usage metrics.",6,rb02,"https://testing-library.com/docs/",todo
rb04,1,4,"Deploy and explain","Practise deployment concepts and explain architecture and trade-offs.","Record a text STAR-style project explanation and complete one mock interview.",4,rb03,"https://12factor.net/",todo
rf01,2,1,"Semantic UI foundations","Review HTML semantics, forms, responsive layout and keyboard focus.","Build an accessible profile screen with labelled inputs.",5,,"https://web.dev/learn/html",todo
rf02,2,2,"Interface state and data","Connect a form to local data and represent loading, empty and error states.","Build a responsive dashboard card with all four states.",6,rf01,"https://developer.mozilla.org/en-US/docs/Learn",todo
rf03,2,3,"Testing and polish","Add component tests and review contrast, focus and mobile overflow.","Complete a keyboard walkthrough and fix findings.",5,rf02,"https://www.w3.org/WAI/test-evaluate/",todo
rf04,2,4,"Portfolio evidence","Document the interface decisions and practise explaining trade-offs.","Create a project case study with screenshots and limitations.",4,rf03,"https://developer.mozilla.org/en-US/docs/Web/Accessibility",todo
da01,3,1,"Data literacy and SQL","Understand tables, missing values, filters, joins and aggregation.","Write a data dictionary and ten SQL queries with expected outputs.",6,,"https://www.postgresql.org/docs/current/tutorial.html",todo
da02,3,2,"Explore and validate","Check quality, choose a question and compare two useful views.","Create a short analysis note that names limitations.",5,da01,"https://pandas.pydata.org/docs/getting_started/intro_tutorials/",todo
da03,3,3,"Communicate findings","Choose a clear chart and write a decision-oriented summary.","Build one annotated chart and a five-sentence finding.",5,da02,"https://www.data-to-viz.com/",todo
da04,3,4,"Portfolio evidence and interview","Explain method, assumptions and what you would do next.","Publish an analysis README and answer one data interview question.",4,da03,"https://www.storytellingwithdata.com/",todo
