role_id,skill_id,target_level,importance,prerequisite_order,rationale,version
1,1,3,3,1,"Backend work needs structured problem solving.","seed-1"
1,2,3,3,2,"Choose data structures appropriate to API and data tasks.","seed-1"
1,3,3,3,1,"Use one server-side language consistently.","seed-1"
1,4,2,3,2,"Persist and retrieve relational data safely.","seed-1"
1,5,3,3,3,"Design understandable HTTP interfaces.","seed-1"
1,7,2,2,4,"Catch regressions and make changes safer.","seed-1"
1,8,2,1,1,"Collaborate through version control.","seed-1"
1,9,2,2,1,"Explain trade-offs in reviews and interviews.","seed-1"
1,11,1,1,5,"Understand a basic deployment path.","seed-1"
1,12,2,2,1,"Show what was actually built and learned.","seed-1"
2,1,2,2,1,"Translate interaction requirements into behaviour.","seed-1"
2,3,3,3,1,"Build interface logic in a target language.","seed-1"
2,6,3,3,2,"Create responsive and accessible UI.","seed-1"
2,7,2,2,3,"Prevent regressions in components and flows.","seed-1"
2,8,2,1,1,"Collaborate through version control.","seed-1"
2,9,2,2,1,"Explain user and technical decisions.","seed-1"
2,11,1,1,4,"Understand how a static app is deployed.","seed-1"
2,12,2,2,1,"Show real interface work and contribution.","seed-1"
3,1,2,2,1,"Frame questions and check data assumptions.","seed-1"
3,3,2,2,1,"Use a scripting language for analysis.","seed-1"
3,4,3,3,2,"Query and aggregate relational data.","seed-1"
3,7,1,1,3,"Check results and repeat analysis.","seed-1"
3,8,1,1,1,"Keep analysis work reproducible.","seed-1"
3,9,3,3,4,"Communicate findings to a mixed audience.","seed-1"
3,10,3,3,2,"Clean explore and interpret data.","seed-1"
3,12,2,2,1,"Explain the dataset, method and limitation.","seed-1"
